,Number of Dissolutions by Year by County Issuing Dissolution

,MeasuresLevel,Number of Dissolutions,
2020,Alachua,643,
2020,Baker,76,
2020,Bay,708,
2020,Bradford,79,
2020,Brevard,1707,
2020,Broward,7164,
2020,Calhoun,57,
2020,Charlotte,605,
2020,Citrus,405,
2020,Clay,680,
2020,Collier,1015,
2020,Columbia,282,
2020,Miami-Dade,8311,
2020,Desoto,109,
2020,Dixie,30,
2020,Duval,2350,
2020,Escambia,882,
2020,Flagler,337,
2020,Franklin,25,
2020,Gadsden,120,
2020,Gilchrist,76,
2020,Glades,36,
2020,Gulf,29,
2020,Hamilton,34,
2020,Hardee,71,
2020,Hendry,96,
2020,Hernando,590,
2020,Highlands,268,
2020,Hillsborough,4421,
2020,Holmes,46,
2020,Indian River,491,
2020,Jackson,127,
2020,Jefferson,22,
2020,Lafayette,26,
2020,Lake,795,
2020,Lee,4749,
2020,Leon,615,
2020,Levy,148,
2020,Liberty,27,
2020,Madison,54,
2020,Manatee,982,
2020,Marion,1295,
2020,Martin,391,
2020,Monroe,302,
2020,Nassau,248,
2020,Okaloosa,878,
2020,Okeechobee,134,
2020,Orange,3585,
2020,Osceola,1180,
2020,Palm Beach,3503,
2020,Pasco,1444,
2020,Pinellas,2571,
2020,Polk,1957,
2020,Putnam,234,
2020,Saint Johns,744,
2020,Saint Lucie,786,
2020,Santa Rosa,614,
2020,Sarasota,994,
2020,Seminole,1387,
2020,Sumter,179,
2020,Suwannee,146,
2020,Taylor,46,
2020,Union,50,
2020,Volusia,1705,
2020,Wakulla,115,
2020,Walton,260,
2020,Washington,81,
2020,Total,64117,
2019,Alachua,748,
2019,Baker,116,
2019,Bay,853,
2019,Bradford,95,
2019,Brevard,1822,
2019,Broward,8236,
2019,Calhoun,72,
2019,Charlotte,564,
2019,Citrus,432,
2019,Clay,762,
2019,Collier,1082,
2019,Columbia,313,
2019,Miami-Dade,10837,
2019,Desoto,149,
2019,Dixie,49,
2019,Duval,2893,
2019,Escambia,1051,
2019,Flagler,374,
2019,Franklin,27,
2019,Gadsden,135,
2019,Gilchrist,65,
2019,Glades,28,
2019,Gulf,40,
2019,Hamilton,55,
2019,Hardee,79,
2019,Hendry,120,
2019,Hernando,682,
2019,Highlands,310,
2019,Hillsborough,5095,
2019,Holmes,29,
2019,Indian River,492,
2019,Jackson,138,
2019,Jefferson,31,
2019,Lafayette,40,
2019,Lake,788,
2019,Lee,4247,
2019,Leon,825,
2019,Levy,125,
2019,Liberty,34,
2019,Madison,64,
2019,Manatee,1024,
2019,Marion,1304,
2019,Martin,463,
2019,Monroe,345,
2019,Nassau,333,
2019,Okaloosa,1003,
2019,Okeechobee,153,
2019,Orange,5445,
2019,Osceola,1414,
2019,Palm Beach,4666,
2019,Pasco,1564,
2019,Pinellas,2941,
2019,Polk,2379,
2019,Putnam,280,
2019,Saint Johns,766,
2019,Saint Lucie,879,
2019,Santa Rosa,421,
2019,Sarasota,1243,
2019,Seminole,1455,
2019,Sumter,222,
2019,Suwannee,157,
2019,Taylor,79,
2019,Union,64,
2019,Volusia,1918,
2019,Wakulla,127,
2019,Walton,304,
2019,Washington,85,
2019,Total,74931,
2018,Alachua,803,
2018,Baker,112,
2018,Bay,829,
2018,Bradford,81,
2018,Brevard,2045,
2018,Broward,8588,
2018,Calhoun,62,
2018,Charlotte,474,
2018,Citrus,444,
2018,Clay,884,
2018,Collier,1292,
2018,Columbia,281,
2018,Miami-Dade,11862,
2018,Desoto,112,
2018,Dixie,30,
2018,Duval,2988,
2018,Escambia,928,
2018,Flagler,317,
2018,Franklin,36,
2018,Gadsden,132,
2018,Gilchrist,98,
2018,Glades,33,
2018,Gulf,38,
2018,Hamilton,48,
2018,Hardee,97,
2018,Hendry,158,
2018,Hernando,637,
2018,Highlands,330,
2018,Hillsborough,5220,
2018,Holmes,32,
2018,Indian River,502,
2018,Jackson,174,
2018,Jefferson,25,
2018,Lafayette,48,
2018,Lake,686,
2018,Lee,3896,
2018,Leon,760,
2018,Levy,147,
2018,Liberty,31,
2018,Madison,50,
2018,Manatee,1099,
2018,Marion,1124,
2018,Martin,463,
2018,Monroe,458,
2018,Nassau,310,
2018,Okaloosa,1025,
2018,Okeechobee,155,
2018,Orange,5411,
2018,Osceola,1439,
2018,Palm Beach,4962,
2018,Pasco,1455,
2018,Pinellas,2963,
2018,Polk,2423,
2018,Putnam,320,
2018,Saint Johns,823,
2018,Saint Lucie,936,
2018,Santa Rosa,358,
2018,Sarasota,1360,
2018,Seminole,1649,
2018,Sumter,218,
2018,Suwannee,140,
2018,Taylor,74,
2018,Union,55,
2018,Volusia,2033,
2018,Wakulla,112,
2018,Walton,285,
2018,Washington,94,
2018,Total,77054,
2017,Alachua,772,
2017,Baker,130,
2017,Bay,816,
2017,Bradford,119,
2017,Brevard,1867,
2017,Broward,8356,
2017,Calhoun,76,
2017,Charlotte,474,
2017,Citrus,401,
2017,Clay,806,
2017,Collier,1184,
2017,Columbia,301,
2017,Miami-Dade,12266,
2017,Desoto,117,
2017,Dixie,54,
2017,Duval,2785,
2017,Escambia,951,
2017,Flagler,388,
2017,Franklin,35,
2017,Gadsden,134,
2017,Gilchrist,65,
2017,Glades,28,
2017,Gulf,49,
2017,Hamilton,47,
2017,Hardee,83,
2017,Hendry,161,
2017,Hernando,575,
2017,Highlands,324,
2017,Hillsborough,5155,
2017,Holmes,77,
2017,Indian River,504,
2017,Jackson,177,
2017,Jefferson,24,
2017,Lafayette,34,
2017,Lake,810,
2017,Lee,3667,
2017,Leon,830,
2017,Levy,132,
2017,Liberty,25,
2017,Madison,70,
2017,Manatee,1015,
2017,Marion,1237,
2017,Martin,406,
2017,Monroe,498,
2017,Nassau,287,
2017,Okaloosa,1028,
2017,Okeechobee,143,
2017,Orange,4439,
2017,Osceola,1445,
2017,Palm Beach,4684,
2017,Pasco,1582,
2017,Pinellas,3007,
2017,Polk,2316,
2017,Putnam,293,
2017,Saint Johns,745,
2017,Saint Lucie,950,
2017,Santa Rosa,661,
2017,Sarasota,1405,
2017,Seminole,1632,
2017,Sumter,241,
2017,Suwannee,170,
2017,Taylor,83,
2017,Union,46,
2017,Volusia,2093,
2017,Wakulla,121,
2017,Walton,308,
2017,Washington,77,
2017,Total,75781,
2016,Alachua,821,
2016,Baker,120,
2016,Bay,1020,
2016,Bradford,149,
2016,Brevard,2026,
2016,Broward,8970,
2016,Calhoun,75,
2016,Charlotte,503,
2016,Citrus,469,
2016,Clay,873,
2016,Collier,1226,
2016,Columbia,296,
2016,Miami-Dade,12626,
2016,Desoto,122,
2016,Dixie,82,
2016,Duval,3085,
2016,Escambia,940,
2016,Flagler,335,
2016,Franklin,39,
2016,Gadsden,120,
2016,Gilchrist,109,
2016,Glades,30,
2016,Gulf,65,
2016,Hamilton,48,
2016,Hardee,70,
2016,Hendry,154,
2016,Hernando,613,
2016,Highlands,317,
2016,Hillsborough,5493,
2016,Holmes,97,
2016,Indian River,483,
2016,Jackson,191,
2016,Jefferson,30,
2016,Lafayette,28,
2016,Lake,816,
2016,Lee,3533,
2016,Leon,820,
2016,Levy,149,
2016,Liberty,30,
2016,Madison,65,
2016,Manatee,1048,
2016,Marion,1364,
2016,Martin,522,
2016,Monroe,654,
2016,Nassau,332,
2016,Okaloosa,991,
2016,Okeechobee,116,
2016,Orange,4741,
2016,Osceola,1720,
2016,Palm Beach,5219,
2016,Pasco,1505,
2016,Pinellas,3311,
2016,Polk,2502,
2016,Putnam,284,
2016,Saint Johns,702,
2016,Saint Lucie,907,
2016,Santa Rosa,661,
2016,Sarasota,1310,
2016,Seminole,1691,
2016,Sumter,220,
2016,Suwannee,133,
2016,Taylor,81,
2016,Union,80,
2016,Volusia,2080,
2016,Wakulla,109,
2016,Walton,267,
2016,Washington,89,
2016,Total,79677,
2015,Alachua,779,
2015,Baker,148,
2015,Bay,872,
2015,Bradford,112,
2015,Brevard,2148,
2015,Broward,8216,
2015,Calhoun,75,
2015,Charlotte,541,
2015,Citrus,425,
2015,Clay,874,
2015,Collier,1275,
2015,Columbia,293,
2015,Miami-Dade,13402,
2015,Desoto,124,
2015,Dixie,61,
2015,Duval,3708,
2015,Escambia,1106,
2015,Flagler,301,
2015,Franklin,51,
2015,Gadsden,184,
2015,Gilchrist,89,
2015,Glades,25,
2015,Gulf,51,
2015,Hamilton,52,
2015,Hardee,111,
2015,Hendry,135,
2015,Hernando,553,
2015,Highlands,303,
2015,Hillsborough,5350,
2015,Holmes,86,
2015,Indian River,519,
2015,Jackson,145,
2015,Jefferson,32,
2015,Lafayette,35,
2015,Lake,1011,
2015,Lee,3380,
2015,Leon,912,
2015,Levy,158,
2015,Liberty,45,
2015,Madison,49,
2015,Manatee,1020,
2015,Marion,1300,
2015,Martin,555,
2015,Monroe,731,
2015,Nassau,308,
2015,Okaloosa,1092,
2015,Okeechobee,160,
2015,Orange,4577,
2015,Osceola,1396,
2015,Palm Beach,5355,
2015,Pasco,1431,
2015,Pinellas,3551,
2015,Polk,2361,
2015,Putnam,305,
2015,Saint Johns,774,
2015,Saint Lucie,971,
2015,Santa Rosa,672,
2015,Sarasota,1296,
2015,Seminole,1567,
2015,Sumter,214,
2015,Suwannee,160,
2015,Taylor,74,
2015,Union,40,
2015,Volusia,2123,
2015,Wakulla,89,
2015,Walton,252,
2015,Washington,94,
2015,Total,80204,
2014,Alachua,830,
2014,Baker,128,
2014,Bay,821,
2014,Bradford,126,
2014,Brevard,2167,
2014,Broward,8147,
2014,Calhoun,60,
2014,Charlotte,582,
2014,Citrus,466,
2014,Clay,811,
2014,Collier,1241,
2014,Columbia,311,
2014,Miami-Dade,13431,
2014,Desoto,107,
2014,Dixie,76,
2014,Duval,3637,
2014,Escambia,1080,
2014,Flagler,352,
2014,Franklin,71,
2014,Gadsden,145,
2014,Gilchrist,85,
2014,Glades,27,
2014,Gulf,48,
2014,Hamilton,66,
2014,Hardee,86,
2014,Hendry,139,
2014,Hernando,599,
2014,Highlands,254,
2014,Hillsborough,5190,
2014,Holmes,71,
2014,Indian River,537,
2014,Jackson,216,
2014,Jefferson,48,
2014,Lafayette,40,
2014,Lake,917,
2014,Lee,3411,
2014,Leon,1003,
2014,Levy,123,
2014,Liberty,31,
2014,Madison,55,
2014,Manatee,1116,
2014,Marion,1290,
2014,Martin,513,
2014,Monroe,613,
2014,Nassau,348,
2014,Okaloosa,1019,
2014,Okeechobee,142,
2014,Orange,4564,
2014,Osceola,1400,
2014,Palm Beach,5085,
2014,Pasco,1615,
2014,Pinellas,3202,
2014,Polk,2363,
2014,Putnam,271,
2014,Saint Johns,810,
2014,Saint Lucie,912,
2014,Santa Rosa,748,
2014,Sarasota,1245,
2014,Seminole,1573,
2014,Sumter,184,
2014,Suwannee,160,
2014,Taylor,91,
2014,Union,68,
2014,Volusia,2123,
2014,Wakulla,124,
2014,Walton,234,
2014,Washington,84,
2014,Total,79432,
2013,Alachua,958,
2013,Baker,112,
2013,Bay,897,
2013,Bradford,133,
2013,Brevard,2150,
2013,Broward,8195,
2013,Calhoun,59,
2013,Charlotte,554,
2013,Citrus,504,
2013,Clay,844,
2013,Collier,1240,
2013,Columbia,295,
2013,Miami-Dade,12947,
2013,Desoto,103,
2013,Dixie,83,
2013,Duval,4088,
2013,Escambia,1158,
2013,Flagler,331,
2013,Franklin,49,
2013,Gadsden,152,
2013,Gilchrist,98,
2013,Glades,27,
2013,Gulf,64,
2013,Hamilton,59,
2013,Hardee,80,
2013,Hendry,123,
2013,Hernando,586,
2013,Highlands,308,
2013,Hillsborough,5058,
2013,Holmes,100,
2013,Indian River,532,
2013,Jackson,176,
2013,Jefferson,27,
2013,Lafayette,44,
2013,Lake,1028,
2013,Lee,3041,
2013,Leon,961,
2013,Levy,139,
2013,Liberty,31,
2013,Madison,66,
2013,Manatee,1034,
2013,Marion,1265,
2013,Martin,575,
2013,Monroe,921,
2013,Nassau,300,
2013,Okaloosa,1131,
2013,Okeechobee,150,
2013,Orange,4563,
2013,Osceola,1805,
2013,Palm Beach,5139,
2013,Pasco,1641,
2013,Pinellas,3375,
2013,Polk,2374,
2013,Putnam,295,
2013,Saint Johns,795,
2013,Saint Lucie,934,
2013,Santa Rosa,764,
2013,Sarasota,1443,
2013,Seminole,1682,
2013,Sumter,202,
2013,Suwannee,176,
2013,Taylor,88,
2013,Union,46,
2013,Volusia,2032,
2013,Wakulla,106,
2013,Walton,300,
2013,Washington,83,
2013,Total,80619,
2012,Alachua,896,
2012,Baker,104,
2012,Bay,800,
2012,Bradford,126,
2012,Brevard,2245,
2012,Broward,8612,
2012,Calhoun,70,
2012,Charlotte,531,
2012,Citrus,638,
2012,Clay,989,
2012,Collier,1107,
2012,Columbia,317,
2012,Miami-Dade,13324,
2012,Desoto,111,
2012,Dixie,109,
2012,Duval,3759,
2012,Escambia,1384,
2012,Flagler,309,
2012,Franklin,49,
2012,Gadsden,153,
2012,Gilchrist,87,
2012,Glades,36,
2012,Gulf,35,
2012,Hamilton,47,
2012,Hardee,92,
2012,Hendry,120,
2012,Hernando,591,
2012,Highlands,295,
2012,Hillsborough,5825,
2012,Holmes,104,
2012,Indian River,527,
2012,Jackson,143,
2012,Jefferson,39,
2012,Lafayette,30,
2012,Lake,1064,
2012,Lee,2686,
2012,Leon,934,
2012,Levy,174,
2012,Liberty,40,
2012,Madison,61,
2012,Manatee,1079,
2012,Marion,1257,
2012,Martin,485,
2012,Monroe,1053,
2012,Nassau,341,
2012,Okaloosa,1173,
2012,Okeechobee,149,
2012,Orange,4051,
2012,Osceola,1521,
2012,Palm Beach,5219,
2012,Pasco,1828,
2012,Pinellas,3303,
2012,Polk,2486,
2012,Putnam,297,
2012,Saint Johns,875,
2012,Saint Lucie,967,
2012,Santa Rosa,665,
2012,Sarasota,1391,
2012,Seminole,1706,
2012,Sumter,195,
2012,Suwannee,132,
2012,Taylor,92,
2012,Union,63,
2012,Volusia,2194,
2012,Wakulla,116,
2012,Walton,274,
2012,Washington,14,
2012,Total,81489,
2011,Alachua,817,
2011,Baker,106,
2011,Bay,812,
2011,Bradford,136,
2011,Brevard,2384,
2011,Broward,7529,
2011,Calhoun,72,
2011,Charlotte,624,
2011,Citrus,604,
2011,Clay,991,
2011,Collier,1184,
2011,Columbia,376,
2011,Miami-Dade,14526,
2011,Desoto,122,
2011,Dixie,80,
2011,Duval,4581,
2011,Escambia,1272,
2011,Flagler,394,
2011,Franklin,54,
2011,Gadsden,172,
2011,Gilchrist,74,
2011,Glades,26,
2011,Gulf,52,
2011,Hamilton,50,
2011,Hardee,110,
2011,Hendry,110,
2011,Hernando,599,
2011,Highlands,344,
2011,Hillsborough,6117,
2011,Holmes,91,
2011,Indian River,515,
2011,Jackson,220,
2011,Jefferson,45,
2011,Lafayette,37,
2011,Lake,1137,
2011,Lee,2754,
2011,Leon,940,
2011,Levy,156,
2011,Liberty,37,
2011,Madison,65,
2011,Manatee,984,
2011,Marion,1521,
2011,Martin,546,
2011,Monroe,879,
2011,Nassau,345,
2011,Okaloosa,1161,
2011,Okeechobee,128,
2011,Orange,5410,
2011,Osceola,1320,
2011,Palm Beach,5293,
2011,Pasco,1713,
2011,Pinellas,3155,
2011,Polk,2556,
2011,Putnam,328,
2011,Saint Johns,773,
2011,Saint Lucie,1110,
2011,Santa Rosa,764,
2011,Sarasota,1443,
2011,Seminole,1800,
2011,Sumter,211,
2011,Suwannee,167,
2011,Taylor,89,
2011,Union,68,
2011,Volusia,2210,
2011,Wakulla,167,
2011,Walton,253,
2011,Washington,76,
2011,Total,84785,
2010,Alachua,782,
2010,Baker,135,
2010,Bay,899,
2010,Bradford,182,
2010,Brevard,2223,
2010,Broward,8256,
2010,Calhoun,69,
2010,Charlotte,502,
2010,Citrus,528,
2010,Clay,883,
2010,Collier,1158,
2010,Columbia,356,
2010,Miami-Dade,13937,
2010,Desoto,146,
2010,Dixie,76,
2010,Duval,4246,
2010,Escambia,1284,
2010,Flagler,310,
2010,Franklin,55,
2010,Gadsden,180,
2010,Gilchrist,89,
2010,Glades,32,
2010,Gulf,55,
2010,Hamilton,39,
2010,Hardee,115,
2010,Hendry,111,
2010,Hernando,653,
2010,Highlands,307,
2010,Hillsborough,5639,
2010,Holmes,90,
2010,Indian River,614,
2010,Jackson,183,
2010,Jefferson,49,
2010,Lafayette,39,
2010,Lake,1131,
2010,Lee,2631,
2010,Leon,911,
2010,Levy,176,
2010,Liberty,45,
2010,Madison,65,
2010,Manatee,1077,
2010,Marion,1469,
2010,Martin,525,
2010,Monroe,502,
2010,Nassau,316,
2010,Okaloosa,1227,
2010,Okeechobee,119,
2010,Orange,5468,
2010,Osceola,1676,
2010,Palm Beach,5152,
2010,Pasco,1839,
2010,Pinellas,3358,
2010,Polk,2281,
2010,Putnam,327,
2010,Saint Johns,791,
2010,Saint Lucie,1008,
2010,Santa Rosa,712,
2010,Sarasota,1403,
2010,Seminole,1758,
2010,Sumter,229,
2010,Suwannee,159,
2010,Taylor,84,
2010,Union,72,
2010,Volusia,2153,
2010,Wakulla,163,
2010,Walton,244,
2010,Washington,49,
2010,Total,83342,
2009,Alachua,804,
2009,Baker,110,
2009,Bay,878,
2009,Bradford,133,
2009,Brevard,2176,
2009,Broward,7923,
2009,Calhoun,64,
2009,Charlotte,495,
2009,Citrus,546,
2009,Clay,717,
2009,Collier,1076,
2009,Columbia,321,
2009,Miami-Dade,13739,
2009,Desoto,141,
2009,Dixie,59,
2009,Duval,3773,
2009,Escambia,1250,
2009,Flagler,346,
2009,Franklin,43,
2009,Gadsden,166,
2009,Gilchrist,77,
2009,Glades,20,
2009,Gulf,48,
2009,Hamilton,46,
2009,Hardee,74,
2009,Hendry,113,
2009,Hernando,612,
2009,Highlands,280,
2009,Hillsborough,5340,
2009,Holmes,94,
2009,Indian River,519,
2009,Jackson,207,
2009,Jefferson,46,
2009,Lafayette,27,
2009,Lake,1073,
2009,Lee,2614,
2009,Leon,876,
2009,Levy,191,
2009,Liberty,20,
2009,Madison,58,
2009,Manatee,936,
2009,Marion,1143,
2009,Martin,480,
2009,Monroe,414,
2009,Nassau,348,
2009,Okaloosa,1102,
2009,Okeechobee,153,
2009,Orange,4865,
2009,Osceola,1635,
2009,Palm Beach,4588,
2009,Pasco,1703,
2009,Pinellas,3376,
2009,Polk,2352,
2009,Putnam,341,
2009,Saint Johns,739,
2009,Saint Lucie,952,
2009,Santa Rosa,580,
2009,Sarasota,1379,
2009,Seminole,1637,
2009,Sumter,206,
2009,Suwannee,156,
2009,Taylor,79,
2009,Union,54,
2009,Volusia,1986,
2009,Wakulla,141,
2009,Walton,245,
2009,Washington,67,
2009,Total,78752,
2008,Alachua,858,
2008,Baker,156,
2008,Bay,880,
2008,Bradford,155,
2008,Brevard,2257,
2008,Broward,7556,
2008,Calhoun,60,
2008,Charlotte,559,
2008,Citrus,526,
2008,Clay,827,
2008,Collier,1316,
2008,Columbia,351,
2008,Miami-Dade,13116,
2008,Desoto,135,
2008,Dixie,73,
2008,Duval,3791,
2008,Escambia,1282,
2008,Flagler,310,
2008,Franklin,49,
2008,Gadsden,180,
2008,Gilchrist,91,
2008,Glades,34,
2008,Gulf,45,
2008,Hamilton,63,
2008,Hardee,88,
2008,Hendry,107,
2008,Hernando,584,
2008,Highlands,336,
2008,Hillsborough,5747,
2008,Holmes,108,
2008,Indian River,570,
2008,Jackson,242,
2008,Jefferson,44,
2008,Lafayette,37,
2008,Lake,1067,
2008,Lee,2417,
2008,Leon,881,
2008,Levy,169,
2008,Liberty,30,
2008,Madison,83,
2008,Manatee,944,
2008,Marion,1311,
2008,Martin,459,
2008,Monroe,484,
2008,Nassau,335,
2008,Okaloosa,1313,
2008,Okeechobee,161,
2008,Orange,4888,
2008,Osceola,1743,
2008,Palm Beach,5044,
2008,Pasco,1626,
2008,Pinellas,3466,
2008,Polk,2344,
2008,Putnam,322,
2008,Saint Johns,684,
2008,Saint Lucie,794,
2008,Santa Rosa,600,
2008,Sarasota,1482,
2008,Seminole,1601,
2008,Sumter,196,
2008,Suwannee,169,
2008,Taylor,93,
2008,Union,54,
2008,Volusia,2144,
2008,Wakulla,138,
2008,Walton,227,
2008,Washington,66,
2008,Total,79868,
2007,Alachua,914,
2007,Baker,118,
2007,Bay,950,
2007,Bradford,164,
2007,Brevard,2304,
2007,Broward,9032,
2007,Calhoun,76,
2007,Charlotte,514,
2007,Citrus,563,
2007,Clay,810,
2007,Collier,1383,
2007,Columbia,332,
2007,Miami-Dade,13822,
2007,Desoto,142,
2007,Dixie,81,
2007,Duval,4363,
2007,Escambia,1259,
2007,Flagler,323,
2007,Franklin,50,
2007,Gadsden,175,
2007,Gilchrist,99,
2007,Glades,25,
2007,Gulf,54,
2007,Hamilton,52,
2007,Hardee,98,
2007,Hendry,97,
2007,Hernando,607,
2007,Highlands,347,
2007,Hillsborough,5718,
2007,Holmes,88,
2007,Indian River,572,
2007,Jackson,222,
2007,Jefferson,41,
2007,Lafayette,34,
2007,Lake,968,
2007,Lee,2378,
2007,Leon,971,
2007,Levy,177,
2007,Liberty,32,
2007,Madison,65,
2007,Manatee,967,
2007,Marion,1404,
2007,Martin,435,
2007,Monroe,568,
2007,Nassau,322,
2007,Okaloosa,1406,
2007,Okeechobee,197,
2007,Orange,5038,
2007,Osceola,1999,
2007,Palm Beach,5422,
2007,Pasco,1675,
2007,Pinellas,3539,
2007,Polk,2362,
2007,Putnam,272,
2007,Saint Johns,705,
2007,Saint Lucie,980,
2007,Santa Rosa,635,
2007,Sarasota,1509,
2007,Seminole,1696,
2007,Sumter,193,
2007,Suwannee,152,
2007,Taylor,101,
2007,Union,55,
2007,Volusia,2259,
2007,Wakulla,139,
2007,Walton,256,
2007,Washington,80,
2007,Total,84386,
2006,Alachua,841,
2006,Baker,128,
2006,Bay,893,
2006,Bradford,124,
2006,Brevard,1445,
2006,Broward,10160,
2006,Calhoun,60,
2006,Charlotte,590,
2006,Citrus,529,
2006,Clay,837,
2006,Collier,1304,
2006,Columbia,296,
2006,Miami-Dade,15243,
2006,Desoto,150,
2006,Dixie,62,
2006,Duval,4436,
2006,Escambia,1303,
2006,Flagler,354,
2006,Franklin,43,
2006,Gadsden,165,
2006,Gilchrist,72,
2006,Glades,25,
2006,Gulf,58,
2006,Hamilton,54,
2006,Hardee,97,
2006,Hendry,116,
2006,Hernando,480,
2006,Highlands,355,
2006,Hillsborough,5850,
2006,Holmes,95,
2006,Indian River,524,
2006,Jackson,216,
2006,Jefferson,46,
2006,Lafayette,30,
2006,Lake,1022,
2006,Lee,2307,
2006,Leon,802,
2006,Levy,159,
2006,Liberty,42,
2006,Madison,85,
2006,Manatee,1057,
2006,Marion,1336,
2006,Martin,589,
2006,Monroe,442,
2006,Nassau,319,
2006,Okaloosa,1304,
2006,Okeechobee,164,
2006,Orange,5663,
2006,Osceola,1509,
2006,Palm Beach,5540,
2006,Pasco,1660,
2006,Pinellas,3718,
2006,Polk,2361,
2006,Putnam,251,
2006,Saint Johns,671,
2006,Saint Lucie,954,
2006,Santa Rosa,597,
2006,Sarasota,1560,
2006,Seminole,1698,
2006,Sumter,170,
2006,Suwannee,131,
2006,Taylor,97,
2006,Union,46,
2006,Volusia,2270,
2006,Wakulla,112,
2006,Walton,263,
2006,Washington,75,
2006,Total,85955,
2005,Alachua,835,
2005,Baker,101,
2005,Bay,822,
2005,Bradford,93,
2005,Brevard,1360,
2005,Broward,8596,
2005,Calhoun,64,
2005,Charlotte,599,
2005,Citrus,544,
2005,Clay,755,
2005,Collier,1306,
2005,Columbia,327,
2005,Miami-Dade,14052,
2005,Desoto,174,
2005,Dixie,54,
2005,Duval,4350,
2005,Escambia,1361,
2005,Flagler,263,
2005,Franklin,31,
2005,Gadsden,114,
2005,Gilchrist,79,
2005,Glades,21,
2005,Gulf,53,
2005,Hamilton,46,
2005,Hardee,80,
2005,Hendry,144,
2005,Hernando,387,
2005,Highlands,327,
2005,Hillsborough,5830,
2005,Holmes,81,
2005,Indian River,546,
2005,Jackson,179,
2005,Jefferson,48,
2005,Lafayette,31,
2005,Lake,953,
2005,Lee,2127,
2005,Leon,989,
2005,Levy,166,
2005,Liberty,34,
2005,Madison,56,
2005,Manatee,1062,
2005,Marion,1330,
2005,Martin,550,
2005,Monroe,456,
2005,Nassau,311,
2005,Okaloosa,1351,
2005,Okeechobee,125,
2005,Orange,4814,
2005,Osceola,1373,
2005,Palm Beach,5297,
2005,Pasco,1753,
2005,Pinellas,3827,
2005,Polk,2218,
2005,Putnam,336,
2005,Saint Johns,635,
2005,Saint Lucie,872,
2005,Santa Rosa,563,
2005,Sarasota,1610,
2005,Seminole,1681,
2005,Sumter,189,
2005,Suwannee,145,
2005,Taylor,102,
2005,Union,41,
2005,Volusia,2231,
2005,Wakulla,100,
2005,Walton,246,
2005,Washington,91,
2005,Total,81287,
2004,Alachua,763,
2004,Baker,141,
2004,Bay,961,
2004,Bradford,106,
2004,Brevard,1356,
2004,Broward,9491,
2004,Calhoun,54,
2004,Charlotte,522,
2004,Citrus,506,
2004,Clay,826,
2004,Collier,1241,
2004,Columbia,366,
2004,Miami-Dade,14278,
2004,Desoto,136,
2004,Dixie,85,
2004,Duval,4475,
2004,Escambia,1438,
2004,Flagler,264,
2004,Franklin,49,
2004,Gadsden,160,
2004,Gilchrist,86,
2004,Glades,20,
2004,Gulf,65,
2004,Hamilton,56,
2004,Hardee,130,
2004,Hendry,128,
2004,Hernando,427,
2004,Highlands,331,
2004,Hillsborough,5539,
2004,Holmes,105,
2004,Indian River,506,
2004,Jackson,140,
2004,Jefferson,75,
2004,Lafayette,32,
2004,Lake,994,
2004,Lee,2062,
2004,Leon,954,
2004,Levy,191,
2004,Liberty,32,
2004,Madison,102,
2004,Manatee,1164,
2004,Marion,1281,
2004,Martin,511,
2004,Monroe,482,
2004,Nassau,266,
2004,Okaloosa,1301,
2004,Okeechobee,166,
2004,Orange,4895,
2004,Osceola,1602,
2004,Palm Beach,5428,
2004,Pasco,1583,
2004,Pinellas,4132,
2004,Polk,2416,
2004,Putnam,459,
2004,Saint Johns,633,
2004,Saint Lucie,908,
2004,Santa Rosa,576,
2004,Sarasota,1567,
2004,Seminole,1391,
2004,Sumter,197,
2004,Suwannee,152,
2004,Taylor,128,
2004,Union,67,
2004,Volusia,2313,
2004,Wakulla,165,
2004,Walton,219,
2004,Washington,111,
2004,Total,83306,
2003,Alachua,830,
2003,Baker,135,
2003,Bay,1015,
2003,Bradford,140,
2003,Brevard,1470,
2003,Broward,9858,
2003,Calhoun,49,
2003,Charlotte,565,
2003,Citrus,532,
2003,Clay,796,
2003,Collier,1286,
2003,Columbia,377,
2003,Miami-Dade,13985,
2003,Desoto,164,
2003,Dixie,38,
2003,Duval,4654,
2003,Escambia,1590,
2003,Flagler,262,
2003,Franklin,63,
2003,Gadsden,188,
2003,Gilchrist,97,
2003,Glades,16,
2003,Gulf,81,
2003,Hamilton,72,
2003,Hardee,89,
2003,Hendry,185,
2003,Hernando,414,
2003,Highlands,339,
2003,Hillsborough,5534,
2003,Holmes,101,
2003,Indian River,597,
2003,Jackson,262,
2003,Jefferson,143,
2003,Lafayette,46,
2003,Lake,1021,
2003,Lee,2114,
2003,Leon,965,
2003,Levy,180,
2003,Liberty,34,
2003,Madison,71,
2003,Manatee,1174,
2003,Marion,1417,
2003,Martin,455,
2003,Monroe,525,
2003,Nassau,340,
2003,Okaloosa,1422,
2003,Okeechobee,192,
2003,Orange,5252,
2003,Osceola,1648,
2003,Palm Beach,5399,
2003,Pasco,1544,
2003,Pinellas,4086,
2003,Polk,2425,
2003,Putnam,331,
2003,Saint Johns,612,
2003,Saint Lucie,941,
2003,Santa Rosa,612,
2003,Sarasota,1528,
2003,Seminole,1884,
2003,Sumter,205,
2003,Suwannee,204,
2003,Taylor,96,
2003,Union,65,
2003,Volusia,2230,
2003,Wakulla,128,
2003,Walton,196,
2003,Washington,98,
2003,Total,85367,
2002,Alachua,984,
2002,Baker,145,
2002,Bay,1013,
2002,Bradford,179,
2002,Brevard,1526,
2002,Broward,9365,
2002,Calhoun,64,
2002,Charlotte,564,
2002,Citrus,453,
2002,Clay,838,
2002,Collier,1159,
2002,Columbia,397,
2002,Miami-Dade,13844,
2002,Desoto,177,
2002,Dixie,62,
2002,Duval,4548,
2002,Escambia,1626,
2002,Flagler,236,
2002,Franklin,65,
2002,Gadsden,211,
2002,Gilchrist,89,
2002,Glades,26,
2002,Gulf,60,
2002,Hamilton,69,
2002,Hardee,97,
2002,Hendry,193,
2002,Hernando,472,
2002,Highlands,408,
2002,Hillsborough,5724,
2002,Holmes,138,
2002,Indian River,561,
2002,Jackson,283,
2002,Jefferson,144,
2002,Lafayette,34,
2002,Lake,1045,
2002,Lee,2273,
2002,Leon,997,
2002,Levy,172,
2002,Liberty,45,
2002,Madison,67,
2002,Manatee,1161,
2002,Marion,1355,
2002,Martin,589,
2002,Monroe,540,
2002,Nassau,303,
2002,Okaloosa,949,
2002,Okeechobee,203,
2002,Orange,5327,
2002,Osceola,1464,
2002,Palm Beach,5389,
2002,Pasco,1518,
2002,Pinellas,4266,
2002,Polk,2783,
2002,Putnam,251,
2002,Saint Johns,546,
2002,Saint Lucie,712,
2002,Santa Rosa,551,
2002,Sarasota,1667,
2002,Seminole,1886,
2002,Sumter,251,
2002,Suwannee,174,
2002,Taylor,105,
2002,Union,63,
2002,Volusia,2337,
2002,Wakulla,112,
2002,Walton,195,
2002,Washington,131,
2002,Total,85181,
2001,Alachua,975,
2001,Baker,138,
2001,Bay,1034,
2001,Bradford,143,
2001,Brevard,2251,
2001,Broward,9003,
2001,Calhoun,56,
2001,Charlotte,483,
2001,Citrus,562,
2001,Clay,774,
2001,Collier,1254,
2001,Columbia,455,
2001,Miami-Dade,13708,
2001,Desoto,175,
2001,Dixie,74,
2001,Duval,4534,
2001,Escambia,1738,
2001,Flagler,234,
2001,Franklin,49,
2001,Gadsden,197,
2001,Gilchrist,92,
2001,Glades,32,
2001,Gulf,75,
2001,Hamilton,63,
2001,Hardee,81,
2001,Hendry,150,
2001,Hernando,506,
2001,Highlands,412,
2001,Hillsborough,5472,
2001,Holmes,86,
2001,Indian River,611,
2001,Jackson,246,
2001,Jefferson,159,
2001,Lafayette,41,
2001,Lake,1064,
2001,Lee,2087,
2001,Leon,1060,
2001,Levy,186,
2001,Liberty,48,
2001,Madison,87,
2001,Manatee,1044,
2001,Marion,1581,
2001,Martin,501,
2001,Monroe,599,
2001,Nassau,312,
2001,Okaloosa,1275,
2001,Okeechobee,174,
2001,Orange,5295,
2001,Osceola,1439,
2001,Palm Beach,5474,
2001,Pasco,1444,
2001,Pinellas,4404,
2001,Polk,2534,
2001,Putnam,267,
2001,Saint Johns,536,
2001,Saint Lucie,935,
2001,Santa Rosa,572,
2001,Sarasota,1358,
2001,Seminole,1790,
2001,Sumter,203,
2001,Suwannee,180,
2001,Taylor,117,
2001,Union,55,
2001,Volusia,2329,
2001,Wakulla,123,
2001,Walton,216,
2001,Washington,107,
2001,Total,85259,
2000,Alachua,911,
2000,Baker,125,
2000,Bay,1036,
2000,Bradford,183,
2000,Brevard,2447,
2000,Broward,7832,
2000,Calhoun,79,
2000,Charlotte,454,
2000,Citrus,640,
2000,Clay,837,
2000,Collier,1155,
2000,Columbia,397,
2000,Miami-Dade,11891,
2000,Desoto,155,
2000,Dixie,70,
2000,Duval,4825,
2000,Escambia,1669,
2000,Flagler,257,
2000,Franklin,58,
2000,Gadsden,222,
2000,Gilchrist,92,
2000,Glades,23,
2000,Gulf,72,
2000,Hamilton,73,
2000,Hardee,97,
2000,Hendry,189,
2000,Hernando,465,
2000,Highlands,374,
2000,Hillsborough,5281,
2000,Holmes,110,
2000,Indian River,573,
2000,Jackson,248,
2000,Jefferson,216,
2000,Lafayette,54,
2000,Lake,1057,
2000,Lee,2019,
2000,Leon,1008,
2000,Levy,218,
2000,Liberty,25,
2000,Madison,80,
2000,Manatee,1045,
2000,Marion,1505,
2000,Martin,517,
2000,Monroe,469,
2000,Nassau,292,
2000,Okaloosa,1273,
2000,Okeechobee,168,
2000,Orange,4819,
2000,Osceola,1001,
2000,Palm Beach,5297,
2000,Pasco,1431,
2000,Pinellas,4314,
2000,Polk,2669,
2000,Putnam,348,
2000,Saint Johns,574,
2000,Saint Lucie,839,
2000,Santa Rosa,591,
2000,Sarasota,1532,
2000,Seminole,1841,
2000,Sumter,245,
2000,Suwannee,175,
2000,Taylor,118,
2000,Union,62,
2000,Volusia,2413,
2000,Wakulla,96,
2000,Walton,210,
2000,Washington,132,
2000,Total,81493,
1999,Alachua,926,
1999,Baker,118,
1999,Bay,1058,
1999,Bradford,155,
1999,Brevard,2577,
1999,Broward,8280,
1999,Calhoun,76,
1999,Charlotte,479,
1999,Citrus,643,
1999,Clay,751,
1999,Collier,1089,
1999,Columbia,467,
1999,Miami-Dade,12108,
1999,Desoto,154,
1999,Dixie,71,
1999,Duval,4521,
1999,Escambia,1659,
1999,Flagler,247,
1999,Franklin,64,
1999,Gadsden,212,
1999,Gilchrist,90,
1999,Glades,35,
1999,Gulf,75,
1999,Hamilton,67,
1999,Hardee,87,
1999,Hendry,130,
1999,Hernando,494,
1999,Highlands,368,
1999,Hillsborough,5212,
1999,Holmes,125,
1999,Indian River,546,
1999,Jackson,282,
1999,Jefferson,185,
1999,Lafayette,42,
1999,Lake,1022,
1999,Lee,2127,
1999,Leon,921,
1999,Levy,150,
1999,Liberty,41,
1999,Madison,80,
1999,Manatee,929,
1999,Marion,1445,
1999,Martin,533,
1999,Monroe,465,
1999,Nassau,305,
1999,Okaloosa,1305,
1999,Okeechobee,160,
1999,Orange,4774,
1999,Osceola,953,
1999,Palm Beach,5102,
1999,Pasco,1366,
1999,Pinellas,4231,
1999,Polk,2776,
1999,Putnam,372,
1999,Saint Johns,536,
1999,Saint Lucie,887,
1999,Santa Rosa,552,
1999,Sarasota,1580,
1999,Seminole,1683,
1999,Sumter,212,
1999,Suwannee,170,
1999,Taylor,129,
1999,Union,62,
1999,Volusia,2272,
1999,Wakulla,121,
1999,Walton,204,
1999,Washington,125,
1999,Total,80983,
1998,Alachua,1005,
1998,Baker,151,
1998,Bay,1069,
1998,Bradford,170,
1998,Brevard,2364,
1998,Broward,7882,
1998,Calhoun,58,
1998,Charlotte,471,
1998,Citrus,571,
1998,Clay,860,
1998,Collier,1009,
1998,Columbia,411,
1998,Miami-Dade,11852,
1998,Desoto,140,
1998,Dixie,75,
1998,Duval,4796,
1998,Escambia,1540,
1998,Flagler,239,
1998,Franklin,58,
1998,Gadsden,160,
1998,Gilchrist,101,
1998,Glades,29,
1998,Gulf,74,
1998,Hamilton,53,
1998,Hardee,125,
1998,Hendry,182,
1998,Hernando,467,
1998,Highlands,328,
1998,Hillsborough,5059,
1998,Holmes,134,
1998,Indian River,556,
1998,Jackson,247,
1998,Jefferson,210,
1998,Lafayette,53,
1998,Lake,1039,
1998,Lee,2116,
1998,Leon,1100,
1998,Levy,191,
1998,Liberty,44,
1998,Madison,87,
1998,Manatee,1002,
1998,Marion,1547,
1998,Martin,529,
1998,Monroe,302,
1998,Nassau,327,
1998,Okaloosa,1378,
1998,Okeechobee,210,
1998,Orange,4553,
1998,Osceola,1041,
1998,Palm Beach,4797,
1998,Pasco,1441,
1998,Pinellas,4506,
1998,Polk,2678,
1998,Putnam,334,
1998,Saint Johns,533,
1998,Saint Lucie,936,
1998,Santa Rosa,568,
1998,Sarasota,1799,
1998,Seminole,1675,
1998,Sumter,196,
1998,Suwannee,227,
1998,Taylor,104,
1998,Union,68,
1998,Volusia,2247,
1998,Wakulla,105,
1998,Walton,180,
1998,Washington,107,
1998,Total,80466,
1997,Alachua,953,
1997,Baker,143,
1997,Bay,1107,
1997,Bradford,136,
1997,Brevard,2325,
1997,Broward,8609,
1997,Calhoun,96,
1997,Charlotte,565,
1997,Citrus,429,
1997,Clay,1019,
1997,Collier,1103,
1997,Columbia,364,
1997,Miami-Dade,12832,
1997,Desoto,162,
1997,Dixie,81,
1997,Duval,4484,
1997,Escambia,1705,
1997,Flagler,173,
1997,Franklin,68,
1997,Gadsden,162,
1997,Gilchrist,70,
1997,Glades,5,
1997,Gulf,102,
1997,Hamilton,72,
1997,Hardee,95,
1997,Hendry,170,
1997,Hernando,559,
1997,Highlands,387,
1997,Hillsborough,5083,
1997,Holmes,118,
1997,Indian River,506,
1997,Jackson,203,
1997,Jefferson,252,
1997,Lafayette,38,
1997,Lake,1067,
1997,Lee,2156,
1997,Leon,1139,
1997,Levy,168,
1997,Liberty,39,
1997,Madison,71,
1997,Manatee,991,
1997,Marion,1533,
1997,Martin,527,
1997,Monroe,432,
1997,Nassau,374,
1997,Okaloosa,1257,
1997,Okeechobee,192,
1997,Orange,4478,
1997,Osceola,1054,
1997,Palm Beach,4807,
1997,Pasco,1509,
1997,Pinellas,4525,
1997,Polk,2726,
1997,Putnam,402,
1997,Saint Johns,490,
1997,Saint Lucie,1035,
1997,Santa Rosa,459,
1997,Sarasota,1689,
1997,Seminole,1640,
1997,Sumter,225,
1997,Suwannee,198,
1997,Taylor,67,
1997,Union,36,
1997,Volusia,2327,
1997,Wakulla,97,
1997,Walton,204,
1997,Washington,71,
1997,Total,82161,
1996,Alachua,960,
1996,Baker,139,
1996,Bay,1050,
1996,Bradford,165,
1996,Brevard,1742,
1996,Broward,6810,
1996,Calhoun,97,
1996,Charlotte,419,
1996,Citrus,450,
1996,Clay,822,
1996,Collier,940,
1996,Columbia,387,
1996,Miami-Dade,12898,
1996,Desoto,131,
1996,Dixie,69,
1996,Duval,4527,
1996,Escambia,1736,
1996,Flagler,169,
1996,Franklin,81,
1996,Gadsden,202,
1996,Gilchrist,55,
1996,Glades,16,
1996,Gulf,69,
1996,Hamilton,72,
1996,Hardee,101,
1996,Hendry,156,
1996,Hernando,544,
1996,Highlands,385,
1996,Hillsborough,5421,
1996,Holmes,114,
1996,Indian River,490,
1996,Jackson,278,
1996,Jefferson,276,
1996,Lafayette,46,
1996,Lake,1030,
1996,Lee,2035,
1996,Leon,965,
1996,Levy,159,
1996,Liberty,42,
1996,Madison,80,
1996,Manatee,850,
1996,Marion,1233,
1996,Martin,535,
1996,Monroe,429,
1996,Nassau,299,
1996,Okaloosa,1212,
1996,Okeechobee,186,
1996,Orange,4355,
1996,Osceola,863,
1996,Palm Beach,4589,
1996,Pasco,1361,
1996,Pinellas,4011,
1996,Polk,2877,
1996,Putnam,420,
1996,Saint Johns,535,
1996,Saint Lucie,886,
1996,Santa Rosa,537,
1996,Sarasota,1644,
1996,Seminole,1591,
1996,Sumter,230,
1996,Suwannee,183,
1996,Taylor,146,
1996,Union,50,
1996,Volusia,2267,
1996,Wakulla,44,
1996,Walton,223,
1996,Washington,66,
1996,Total,77750,
1995,Alachua,966,
1995,Baker,132,
1995,Bay,1203,
1995,Bradford,177,
1995,Brevard,2266,
1995,Broward,5172,
1995,Calhoun,104,
1995,Charlotte,570,
1995,Citrus,552,
1995,Clay,782,
1995,Collier,930,
1995,Columbia,339,
1995,Miami-Dade,12034,
1995,Desoto,132,
1995,Dixie,76,
1995,Duval,4539,
1995,Escambia,1877,
1995,Flagler,154,
1995,Franklin,71,
1995,Gadsden,196,
1995,Gilchrist,68,
1995,Glades,13,
1995,Gulf,75,
1995,Hamilton,63,
1995,Hardee,125,
1995,Hendry,166,
1995,Hernando,472,
1995,Highlands,368,
1995,Hillsborough,5613,
1995,Holmes,139,
1995,Indian River,558,
1995,Jackson,331,
1995,Jefferson,280,
1995,Lafayette,51,
1995,Lake,974,
1995,Lee,1953,
1995,Leon,1061,
1995,Levy,162,
1995,Liberty,34,
1995,Madison,86,
1995,Manatee,977,
1995,Marion,1518,
1995,Martin,518,
1995,Monroe,499,
1995,Nassau,340,
1995,Okaloosa,1286,
1995,Okeechobee,201,
1995,Orange,4493,
1995,Osceola,937,
1995,Palm Beach,4301,
1995,Pasco,1488,
1995,Pinellas,4789,
1995,Polk,2813,
1995,Putnam,417,
1995,Saint Johns,556,
1995,Saint Lucie,964,
1995,Santa Rosa,620,
1995,Sarasota,1844,
1995,Seminole,1700,
1995,Sumter,229,
1995,Suwannee,201,
1995,Taylor,124,
1995,Union,61,
1995,Volusia,2254,
1995,Wakulla,82,
1995,Walton,210,
1995,Washington,130,
1995,Total,78416,
1994,Alachua,1020,
1994,Baker,132,
1994,Bay,1254,
1994,Bradford,177,
1994,Brevard,2566,
1994,Broward,6801,
1994,Calhoun,61,
1994,Charlotte,536,
1994,Citrus,551,
1994,Clay,768,
1994,Collier,883,
1994,Columbia,419,
1994,Miami-Dade,11429,
1994,Desoto,147,
1994,Dixie,75,
1994,Duval,5492,
1994,Escambia,1813,
1994,Flagler,129,
1994,Franklin,76,
1994,Gadsden,200,
1994,Gilchrist,57,
1994,Glades,25,
1994,Gulf,75,
1994,Hamilton,77,
1994,Hardee,140,
1994,Hendry,205,
1994,Hernando,524,
1994,Highlands,382,
1994,Hillsborough,5458,
1994,Holmes,162,
1994,Indian River,560,
1994,Jackson,318,
1994,Jefferson,307,
1994,Lafayette,30,
1994,Lake,999,
1994,Lee,2022,
1994,Leon,1169,
1994,Levy,184,
1994,Liberty,21,
1994,Madison,93,
1994,Manatee,1011,
1994,Marion,1453,
1994,Martin,589,
1994,Monroe,492,
1994,Nassau,368,
1994,Okaloosa,1289,
1994,Okeechobee,197,
1994,Orange,4709,
1994,Osceola,941,
1994,Palm Beach,4585,
1994,Pasco,1544,
1994,Pinellas,4606,
1994,Polk,2959,
1994,Putnam,461,
1994,Saint Johns,496,
1994,Saint Lucie,918,
1994,Santa Rosa,606,
1994,Sarasota,1928,
1994,Seminole,1705,
1994,Sumter,174,
1994,Suwannee,188,
1994,Taylor,145,
1994,Union,51,
1994,Volusia,2375,
1994,Wakulla,115,
1994,Walton,277,
1994,Washington,109,
1994,Total,81628,
1993,Alachua,1070,
1993,Baker,173,
1993,Bay,1169,
1993,Bradford,211,
1993,Brevard,2684,
1993,Broward,6970,
1993,Calhoun,42,
1993,Charlotte,611,
1993,Citrus,548,
1993,Clay,805,
1993,Collier,1012,
1993,Columbia,396,
1993,Miami-Dade,12009,
1993,Desoto,129,
1993,Dixie,91,
1993,Duval,5423,
1993,Escambia,1885,
1993,Flagler,155,
1993,Franklin,75,
1993,Gadsden,231,
1993,Gilchrist,70,
1993,Gulf,73,
1993,Hamilton,66,
1993,Hardee,136,
1993,Hendry,191,
1993,Hernando,596,
1993,Highlands,375,
1993,Hillsborough,6139,
1993,Holmes,130,
1993,Indian River,561,
1993,Jackson,351,
1993,Jefferson,343,
1993,Lafayette,29,
1993,Lake,1079,
1993,Lee,2107,
1993,Leon,1050,
1993,Levy,155,
1993,Liberty,28,
1993,Madison,78,
1993,Manatee,988,
1993,Marion,1396,
1993,Martin,564,
1993,Monroe,533,
1993,Nassau,291,
1993,Okaloosa,1363,
1993,Okeechobee,176,
1993,Orange,4812,
1993,Osceola,953,
1993,Palm Beach,4507,
1993,Pasco,1481,
1993,Pinellas,4489,
1993,Polk,2796,
1993,Putnam,423,
1993,Saint Johns,499,
1993,Saint Lucie,793,
1993,Santa Rosa,584,
1993,Sarasota,1924,
1993,Seminole,1811,
1993,Sumter,196,
1993,Suwannee,208,
1993,Taylor,103,
1993,Union,43,
1993,Volusia,2260,
1993,Wakulla,98,
1993,Walton,288,
1993,Washington,155,
1993,Total,82980,
1992,Alachua,1045,
1992,Baker,111,
1992,Bay,1216,
1992,Bradford,179,
1992,Brevard,2583,
1992,Broward,6141,
1992,Calhoun,102,
1992,Charlotte,557,
1992,Citrus,546,
1992,Clay,876,
1992,Collier,944,
1992,Columbia,331,
1992,Miami-Dade,12427,
1992,Desoto,139,
1992,Dixie,86,
1992,Duval,5935,
1992,Escambia,1946,
1992,Flagler,163,
1992,Franklin,59,
1992,Gadsden,203,
1992,Gilchrist,66,
1992,Glades,15,
1992,Gulf,66,
1992,Hamilton,80,
1992,Hardee,121,
1992,Hendry,203,
1992,Hernando,460,
1992,Highlands,402,
1992,Hillsborough,6260,
1992,Holmes,146,
1992,Indian River,538,
1992,Jackson,321,
1992,Jefferson,347,
1992,Lafayette,15,
1992,Lake,1107,
1992,Lee,2171,
1992,Leon,1069,
1992,Levy,153,
1992,Liberty,22,
1992,Madison,76,
1992,Manatee,1207,
1992,Marion,1604,
1992,Martin,651,
1992,Monroe,486,
1992,Nassau,296,
1992,Okaloosa,1317,
1992,Okeechobee,231,
1992,Orange,4911,
1992,Osceola,774,
1992,Palm Beach,5125,
1992,Pasco,1546,
1992,Pinellas,4708,
1992,Polk,2882,
1992,Putnam,513,
1992,Saint Johns,495,
1992,Saint Lucie,809,
1992,Santa Rosa,530,
1992,Sarasota,1799,
1992,Seminole,1647,
1992,Sumter,186,
1992,Suwannee,190,
1992,Taylor,130,
1992,Union,27,
1992,Volusia,2271,
1992,Wakulla,124,
1992,Walton,263,
1992,Washington,118,
1992,Total,84067,
1991,Alachua,1010,
1991,Baker,154,
1991,Bay,1180,
1991,Bradford,221,
1991,Brevard,2689,
1991,Broward,6273,
1991,Calhoun,87,
1991,Charlotte,498,
1991,Citrus,498,
1991,Clay,799,
1991,Collier,986,
1991,Columbia,392,
1991,Miami-Dade,12504,
1991,Desoto,145,
1991,Dixie,95,
1991,Duval,5818,
1991,Escambia,2066,
1991,Flagler,126,
1991,Franklin,65,
1991,Gadsden,172,
1991,Gilchrist,60,
1991,Glades,4,
1991,Gulf,67,
1991,Hamilton,82,
1991,Hardee,161,
1991,Hendry,182,
1991,Hernando,480,
1991,Highlands,425,
1991,Hillsborough,6347,
1991,Holmes,111,
1991,Indian River,507,
1991,Jackson,275,
1991,Jefferson,344,
1991,Lafayette,12,
1991,Lake,1071,
1991,Lee,2171,
1991,Leon,1176,
1991,Levy,172,
1991,Liberty,21,
1991,Madison,87,
1991,Manatee,1276,
1991,Marion,1372,
1991,Martin,673,
1991,Monroe,525,
1991,Nassau,350,
1991,Okaloosa,1389,
1991,Okeechobee,248,
1991,Orange,4054,
1991,Osceola,806,
1991,Palm Beach,4847,
1991,Pasco,1298,
1991,Pinellas,4610,
1991,Polk,3112,
1991,Putnam,453,
1991,Saint Johns,510,
1991,Saint Lucie,859,
1991,Santa Rosa,554,
1991,Sarasota,1612,
1991,Seminole,1550,
1991,Sumter,204,
1991,Suwannee,177,
1991,Taylor,117,
1991,Union,43,
1991,Volusia,2276,
1991,Wakulla,85,
1991,Walton,284,
1991,Washington,119,
1991,Total,82936,
1990,Alachua,1042,
1990,Baker,135,
1990,Bay,1074,
1990,Bradford,133,
1990,Brevard,2736,
1990,Broward,6649,
1990,Calhoun,89,
1990,Charlotte,468,
1990,Citrus,457,
1990,Clay,822,
1990,Collier,876,
1990,Columbia,339,
1990,Miami-Dade,12553,
1990,Desoto,134,
1990,Dixie,70,
1990,Duval,5939,
1990,Escambia,2096,
1990,Flagler,140,
1990,Franklin,76,
1990,Gadsden,186,
1990,Gilchrist,77,
1990,Glades,8,
1990,Gulf,77,
1990,Hamilton,84,
1990,Hardee,130,
1990,Hendry,191,
1990,Hernando,485,
1990,Highlands,354,
1990,Hillsborough,5967,
1990,Holmes,126,
1990,Indian River,601,
1990,Jackson,291,
1990,Jefferson,443,
1990,Lafayette,12,
1990,Lake,1067,
1990,Lee,1978,
1990,Leon,1225,
1990,Levy,134,
1990,Liberty,11,
1990,Madison,74,
1990,Manatee,1199,
1990,Marion,1281,
1990,Martin,667,
1990,Monroe,481,
1990,Nassau,370,
1990,Okaloosa,1198,
1990,Okeechobee,245,
1990,Orange,3874,
1990,Osceola,749,
1990,Palm Beach,4570,
1990,Pasco,1293,
1990,Pinellas,4624,
1990,Polk,2738,
1990,Putnam,434,
1990,Saint Johns,504,
1990,Saint Lucie,741,
1990,Santa Rosa,485,
1990,Sarasota,1602,
1990,Seminole,1550,
1990,Sumter,191,
1990,Suwannee,208,
1990,Taylor,109,
1990,Union,52,
1990,Volusia,2211,
1990,Wakulla,117,
1990,Walton,183,
1990,Washington,97,
1990,Total,81122,
1989,Alachua,1040,
1989,Baker,155,
1989,Bay,1036,
1989,Bradford,176,
1989,Brevard,2408,
1989,Broward,6846,
1989,Calhoun,70,
1989,Charlotte,416,
1989,Citrus,459,
1989,Clay,845,
1989,Collier,933,
1989,Columbia,348,
1989,Miami-Dade,12596,
1989,Desoto,159,
1989,Dixie,64,
1989,Duval,5816,
1989,Escambia,2083,
1989,Flagler,113,
1989,Franklin,69,
1989,Gadsden,155,
1989,Gilchrist,51,
1989,Glades,14,
1989,Gulf,87,
1989,Hamilton,72,
1989,Hardee,163,
1989,Hendry,209,
1989,Hernando,440,
1989,Highlands,344,
1989,Hillsborough,6084,
1989,Holmes,142,
1989,Indian River,606,
1989,Jackson,281,
1989,Jefferson,371,
1989,Lafayette,28,
1989,Lake,973,
1989,Lee,1875,
1989,Leon,1073,
1989,Levy,103,
1989,Liberty,27,
1989,Madison,87,
1989,Manatee,1169,
1989,Marion,1316,
1989,Martin,572,
1989,Monroe,450,
1989,Nassau,323,
1989,Okaloosa,1052,
1989,Okeechobee,217,
1989,Orange,4212,
1989,Osceola,789,
1989,Palm Beach,4344,
1989,Pasco,1304,
1989,Pinellas,4561,
1989,Polk,2822,
1989,Putnam,374,
1989,Saint Johns,442,
1989,Saint Lucie,683,
1989,Santa Rosa,497,
1989,Sarasota,1545,
1989,Seminole,1345,
1989,Sumter,169,
1989,Suwannee,176,
1989,Taylor,92,
1989,Union,62,
1989,Volusia,2037,
1989,Wakulla,91,
1989,Walton,224,
1989,Washington,127,
1989,Total,79812,
Total,Total,2584606,

